{
    "name": "root",
    "metadata": {
        "timer_format_version": "0.1.0",
        "start_time_seconds": "1713287932",
        "python_version": "3.7.16 (default, Jan 17 2023, 16:06:28) [MSC v.1916 64 bit (AMD64)]",
        "command_line_arguments": "D:\\anaconda3\\envs\\unity\\Scripts\\mlagents-learn ./config.yaml --run-id=elso",
        "mlagents_version": "0.28.0",
        "mlagents_envs_version": "0.28.0",
        "communication_protocol_version": "1.5.0",
        "pytorch_version": "1.7.1+cu110",
        "numpy_version": "1.21.6",
        "end_time_seconds": "1713287972"
    },
    "total": 39.3525442,
    "count": 1,
    "self": 0.0277316999999897,
    "children": {
        "run_training.setup": {
            "total": 0.5069972000000007,
            "count": 1,
            "self": 0.5069972000000007
        },
        "TrainerController.start_learning": {
            "total": 38.81781530000001,
            "count": 1,
            "self": 0.011254200000010428,
            "children": {
                "TrainerController._reset_env": {
                    "total": 32.1528476,
                    "count": 1,
                    "self": 32.1528476
                },
                "TrainerController.advance": {
                    "total": 4.610426699999998,
                    "count": 218,
                    "self": 0.011507300000040743,
                    "children": {
                        "env_step": {
                            "total": 4.2407325,
                            "count": 218,
                            "self": 2.8248780000000053,
                            "children": {
                                "SubprocessEnvManager._take_step": {
                                    "total": 1.4100334000000174,
                                    "count": 218,
                                    "self": 0.033033399999972346,
                                    "children": {
                                        "TorchPolicy.evaluate": {
                                            "total": 1.377000000000045,
                                            "count": 218,
                                            "self": 0.18463470000003213,
                                            "children": {
                                                "TorchPolicy.sample_actions": {
                                                    "total": 1.192365300000013,
                                                    "count": 218,
                                                    "self": 1.192365300000013
                                                }
                                            }
                                        }
                                    }
                                },
                                "workers": {
                                    "total": 0.005821099999977264,
                                    "count": 218,
                                    "self": 0.0,
                                    "children": {
                                        "worker_root": {
                                            "total": 5.168627999999991,
                                            "count": 218,
                                            "is_parallel": true,
                                            "self": 2.918237199999947,
                                            "children": {
                                                "steps_from_proto": {
                                                    "total": 0.0008926999999978591,
                                                    "count": 1,
                                                    "is_parallel": true,
                                                    "self": 0.0004199999999983106,
                                                    "children": {
                                                        "_process_rank_one_or_two_observation": {
                                                            "total": 0.0004726999999995485,
                                                            "count": 2,
                                                            "is_parallel": true,
                                                            "self": 0.0004726999999995485
                                                        }
                                                    }
                                                },
                                                "UnityEnvironment.step": {
                                                    "total": 2.2494981000000465,
                                                    "count": 218,
                                                    "is_parallel": true,
                                                    "self": 0.047607799999966005,
                                                    "children": {
                                                        "UnityEnvironment._generate_step_input": {
                                                            "total": 0.07499980000002182,
                                                            "count": 218,
                                                            "is_parallel": true,
                                                            "self": 0.07499980000002182
                                                        },
                                                        "communicator.exchange": {
                                                            "total": 1.986358399999986,
                                                            "count": 218,
                                                            "is_parallel": true,
                                                            "self": 1.986358399999986
                                                        },
                                                        "steps_from_proto": {
                                                            "total": 0.14053210000007255,
                                                            "count": 218,
                                                            "is_parallel": true,
                                                            "self": 0.08680860000004031,
                                                            "children": {
                                                                "_process_rank_one_or_two_observation": {
                                                                    "total": 0.05372350000003223,
                                                                    "count": 436,
                                                                    "is_parallel": true,
                                                                    "self": 0.05372350000003223
                                                                }
                                                            }
                                                        }
                                                    }
                                                }
                                            }
                                        }
                                    }
                                }
                            }
                        },
                        "trainer_advance": {
                            "total": 0.3581868999999571,
                            "count": 218,
                            "self": 0.01017069999996778,
                            "children": {
                                "process_trajectory": {
                                    "total": 0.34801619999998934,
                                    "count": 218,
                                    "self": 0.34801619999998934
                                }
                            }
                        }
                    }
                },